model,accuracy,precision,recall,f1_score
LogisticRegression,0.616266944734098,0.2983010667720269,0.6360572872788542,0.4061323292092523
DecisionTree,0.6903023983315955,0.24419604471195186,0.2392586352148273,0.24170212765957447
RandomForest,0.7938825165102538,0.5384615384615384,0.005897219882055603,0.011666666666666667
GradientBoosting,0.7940563086548488,0.5238095238095238,0.018534119629317607,0.03580146460537022
