risk_segment,customers,avg_probability,churn_rate_real
Risco Médio,30768,0.48885797254955454,0.21337103484139366
Estáveis,5144,0.2544876828448987,0.06726283048211508
Críticos,2450,0.7589729080019306,0.4110204081632653
