split,rows,churn_rate
train,26853,0.20642013927680333
validation,5754,0.20629127563434133
test,5755,0.20642919200695048
